Name,FIPS,State,Population,Poverty
Fayette County,17051,IL,19855,3421
Logan County,17107,IL,24979,2323
Saline County,17165,IL,23435,4936
Lake County,17097,IL,684107,54273
Massac County,17127,IL,13918,2331
Cass County,17017,IL,12331,1822
Huntington County,18069,IN,34942,3809
White County,18181,IN,23801,2198
Jay County,18075,IN,20475,2887
Shelby County,18145,IN,43556,4903
Sullivan County,18153,IN,18405,2209
Tippecanoe County,18157,IN,174497,32662
Hamilton County,18057,IN,321126,14700
Bartholomew County,18005,IN,81340,10859
Fulton County,18049,IN,19688,2442
Noble County,18113,IN,46413,3453
Clark County,18019,IN,114572,11544
Hendricks County,18063,IN,160276,8021
Grant County,18053,IN,60861,10953
Jackson County,18071,IN,42849,6268
Owen County,18119,IN,20489,3154
Whitley County,18183,IN,33274,3213
Clinton County,18023,IN,31415,3916
Union County,18161,IN,6953,513
Dearborn County,18029,IN,48744,4446
Lawrence County,18093,IN,44695,5549
Perry County,18123,IN,17325,2067
Posey County,18129,IN,25248,2255
Carroll County,18015,IN,19859,1912
Fountain County,18045,IN,16203,1802
Starke County,18149,IN,22825,3385
Greene County,18055,IN,31730,4527
Benton County,19011,IA,25156,2216
Dubuque County,19061,IA,93255,10646
Pocahontas County,19151,IA,6641,713
Van Buren County,19177,IA,7066,906
Adams County,19003,IA,3608,508
Audubon County,19009,IA,5417,632
Davis County,19051,IA,8783,868
Ida County,19093,IA,6741,648
Monroe County,19135,IA,7681,809
Sioux County,19167,IA,32514,2047
Calhoun County,19025,IA,9016,1133
Cerro Gordo County,19033,IA,41906,4252
Hardin County,19083,IA,16209,1564
Lucas County,19117,IA,8399,991
Palo Alto County,19147,IA,8665,554
Henry County,19087,IA,18410,1972
Jasper County,19099,IA,35254,3186
Poweshiek County,19157,IA,16670,1654
Clayton County,19043,IA,17292,1993
Bremer County,19017,IA,23348,1725
Emmet County,19063,IA,8497,1055
Hancock County,19081,IA,10601,1063
Jackson County,19097,IA,19092,2500
Lee County,19111,IA,32845,4658
Warren County,19181,IA,48163,3933
Mahaska County,19123,IA,21567,2949
Clay County,19041,IA,15879,1723
Delaware County,19055,IA,16983,1559
Wayne County,19185,IA,6313,1086
Scott County,19163,IA,168966,20389
Sherman County,20181,KS,5736,660
Thomas County,20193,KS,7380,883
Morris County,20127,KS,5482,493
Rooks County,20163,KS,4862,380
Clark County,20025,KS,1955,213
Harper County,20077,KS,5438,874
Lyon County,20111,KS,31606,5356
Pawnee County,20145,KS,5545,353
Comanche County,20033,KS,1663,175
Gove County,20063,KS,2589,259
Harvey County,20079,KS,33100,3172
Kearny County,20093,KS,3820,749
McPherson County,20113,KS,27176,2382
Madison County,29123,MO,11874,1692
Vernon County,29217,MO,19790,2923
Nodaway County,29147,MO,19355,4263
Chariton County,29041,MO,7242,1013
Wayne County,29223,MO,12905,3115
Scott County,29201,MO,37873,7512
Barton County,29011,MO,11658,2366
Cedar County,29039,MO,13852,2183
Gasconade County,29073,MO,14421,1296
Macon County,29121,MO,14901,1908
Oregon County,29149,MO,10468,2488
Ste. Genevieve County,29186,MO,17527,2023
Douglas County,29067,MO,13114,2674
Henry County,29083,MO,21349,4509
Lawrence County,29109,MO,37426,6306
Pulaski County,29169,MO,43055,6497
Texas County,29215,MO,24131,6111
Callaway County,29027,MO,40745,4335
Cooper County,29053,MO,16023,1936
Gentry County,29075,MO,6467,958
Mississippi County,29133,MO,11811,2985
Ozark County,29153,MO,9084,2686
Bollinger County,29017,MO,12140,1840
Moultrie County,17139,IL,14363,1040
Pike County,17149,IL,15194,2100
Pope County,17151,IL,4043,620
St. Clair County,17163,IL,258079,38099
Shelby County,17173,IL,21520,2327
Champaign County,17019,IL,194198,38859
Calhoun County,17013,IL,4724,548
Ford County,17053,IL,12866,1785
Kane County,17089,IL,525417,49371
Kendall County,17093,IL,125416,5647
Brown County,17009,IL,4728,549
Marion County,17121,IL,36615,6493
Mason County,17125,IL,13358,1911
Iroquois County,17075,IL,27124,3378
Clay County,17025,IL,13049,2153
Gallatin County,17059,IL,5036,1050
Monroe County,17133,IL,33881,1400
Union County,17181,IL,16713,3005
Winnebago County,17201,IL,280102,43574
Pulaski County,17153,IL,5451,1116
Schuyler County,17169,IL,6798,1291
Edgar County,17045,IL,17109,2054
Boone County,17007,IL,53026,5341
Bureau County,17011,IL,32636,4040
Coles County,17029,IL,47788,9932
Crawford County,17033,IL,16618,1934
Putnam County,17155,IL,5662,480
De Witt County,17039,IL,15646,1768
Lee County,17103,IL,31027,3874
Macoupin County,17117,IL,44479,6175
Richland County,17159,IL,15464,2278
Washington County,17189,IL,13829,980
Lyman County,46085,SD,3793,778
Deuel County,46039,SD,4249,371
Lake County,18089,IN,479398,74629
Montgomery County,18107,IN,36709,4198
Adams County,18001,IN,34673,5825
Fayette County,18041,IN,22811,4336
Clay County,18021,IN,25465,3217
Dubois County,18037,IN,41649,3767
Franklin County,18047,IN,22687,2055
Hancock County,18059,IN,74293,4941
Howard County,18067,IN,80868,12046
Ohio County,18115,IN,5763,412
Parke County,18121,IN,15461,2243
Randolph County,18135,IN,24466,3607
Benton County,18007,IN,8574,1157
Brown County,18013,IN,14858,1343
Putnam County,18133,IN,31914,3620
Washington County,18175,IN,27546,3282
Daviess County,18027,IN,32556,3888
Henry County,18065,IN,44740,6748
Knox County,18083,IN,34676,5381
Madison County,18095,IN,123020,20338
Pike County,18125,IN,12086,1418
Pulaski County,18131,IN,12422,1521
Steuben County,18151,IN,32823,3061
Warren County,18171,IN,8058,948
Vermillion County,18165,IN,15252,2280
Wells County,18179,IN,27346,2302
Allen County,18003,IN,366401,48580
Decatur County,18031,IN,26023,2981
Delaware County,18035,IN,107758,23562
Floyd County,18043,IN,75690,7432
Jefferson County,18077,IN,29674,4001
Jennings County,18079,IN,27350,2987
Johnson County,18081,IN,150832,11196
Miami County,18103,IN,33444,5110
Morgan County,18109,IN,68534,7225
Gibson County,18051,IN,32769,3051
Newton County,18111,IN,13738,1762
Orange County,18117,IN,19186,2848
St. Joseph County,18141,IN,257889,40012
Kosciusko County,18085,IN,77232,7584
Marshall County,18099,IN,45608,5918
Switzerland County,18155,IN,10567,2005
Vanderburgh County,18163,IN,174643,29122
Blackford County,18009,IN,11808,1509
Scott County,18143,IN,23257,3459
Monroe County,18105,IN,130635,30706
Elkhart County,18039,IN,200909,24885
Crawford County,18025,IN,10363,1858
Cass County,18017,IN,36777,5353
Marion County,18097,IN,932652,165969
Wayne County,18177,IN,63523,10395
Butler County,19023,IA,14344,1479
Fremont County,19071,IA,6760,714
Hamilton County,19079,IA,14802,1452
Taylor County,19173,IA,6036,606
Union County,19175,IA,12089,1720
Worth County,19195,IA,7270,627
Ringgold County,19159,IA,4747,413
Adair County,19001,IA,6933,754
Chickasaw County,19037,IA,11846,793
Clarke County,19039,IA,9115,1177
Dickinson County,19059,IA,16902,1392
Johnson County,19103,IA,140737,25469
Keokuk County,19107,IA,10042,995
Tama County,19171,IA,16526,1975
Wapello County,19179,IA,34348,5132
Franklin County,19069,IA,9980,1362
Carroll County,19027,IA,19897,1707
Cedar County,19031,IA,18152,1256
Floyd County,19067,IA,15566,2258
Greene County,19073,IA,8827,731
Louisa County,19115,IA,11039,1120
Lyon County,19119,IA,11605,538
Traill County,38097,ND,7608,489
Dickey County,38021,ND,4719,247
Ward County,38101,ND,66782,6319
Pembina County,38067,ND,6751,498
Hettinger County,38041,ND,2373,228
Cass County,38017,ND,172382,18360
Emmons County,38029,ND,3256,322
Richland County,38077,ND,15122,1649
Adams County,38001,ND,2244,195
Eddy County,38027,ND,2217,240
Mercer County,38057,ND,8251,591
Ransom County,38073,ND,5154,331
Sioux County,38085,ND,4294,1641
Golden Valley County,38033,ND,1786,134
Towner County,38095,ND,2173,227
Divide County,38023,ND,2238,201
Sargent County,38081,ND,3804,159
Meigs County,39105,OH,22828,4483
Champaign County,39021,OH,37897,3845
Greene County,39057,OH,157358,18252
Lawrence County,39087,OH,59272,10712
Morgan County,39115,OH,14420,2774
Wyandot County,39175,OH,21648,1611
Erie County,39043,OH,73651,8608
Logan County,39091,OH,44753,5090
Summit County,39153,OH,531675,70281
Hancock County,17067,IL,17781,2423
Madison County,17119,IL,258887,34266
Grundy County,17063,IL,50094,3814
Kankakee County,17091,IL,106111,15039
Mercer County,17131,IL,15360,1482
DuPage County,17043,IL,916059,58397
Alexander County,17003,IL,6143,1553
Menard County,17129,IL,12112,1127
LaSalle County,17099,IL,106226,14186
Cook County,17031,IL,5112701,734470
Macon County,17115,IL,102004,17295
Stephenson County,17177,IL,44246,6000
Wayne County,17191,IL,16304,2164
Woodford County,17203,IL,37669,2651
Franklin County,17055,IL,38154,7425
McDonough County,17109,IL,27017,5928
McHenry County,17111,IL,305156,21281
Greeley County,20071,KS,1154,86
Ellis County,20051,KS,27569,4271
Linn County,20107,KS,9582,1565
Seward County,20175,KS,21737,3668
Johnson County,20091,KS,585678,31422
Miami County,20121,KS,32727,2254
Woodson County,20207,KS,3082,604
Ness County,20135,KS,2816,287
Bourbon County,20011,KS,14106,2271
Kiowa County,20097,KS,2307,155
Shawnee County,20177,KS,173158,19811
Chautauqua County,20019,KS,3269,605
Reno County,20155,KS,59870,7701
Doniphan County,20043,KS,6932,926
Haskell County,20081,KS,3969,418
Scott County,20171,KS,4829,292
Brown County,20013,KS,9502,1257
Phillips County,20147,KS,5208,511
Decatur County,20039,KS,2779,433
Brule County,46015,SD,5077,683
Gregory County,46053,SD,4142,594
Minnehaha County,46099,SD,183201,18246
Clark County,46025,SD,3596,325
Kingsbury County,46077,SD,4856,397
Clay County,46027,SD,11790,2644
Dewey County,46041,SD,5781,1809
Hughes County,46065,SD,16491,1855
Sanborn County,46111,SD,2324,205
Hand County,46059,SD,3191,262
Yankton County,46135,SD,21333,2372
Beadle County,46005,SD,18010,2910
Davison County,46035,SD,18963,2692
Jerauld County,46073,SD,1975,157
Stanley County,46117,SD,3005,140
Potter County,46107,SD,2225,167
Charles Mix County,46023,SD,9037,1716
Marshall County,46091,SD,4788,406
Perkins County,46105,SD,2844,261
Allegan County,26005,MI,114800,11890
Alger County,26003,MI,8107,905
Oceana County,26127,MI,26136,3916
Clare County,26035,MI,30243,6872
Isabella County,26073,MI,64236,16707
Tuscola County,26157,MI,51903,7380
Alpena County,26007,MI,28004,4002
Midland County,26111,MI,82022,8557
Oscoda County,26135,MI,8162,1321
Clinton County,26037,MI,77563,6838
Gratiot County,26057,MI,35178,5890
Lenawee County,26091,MI,93281,10608
Montcalm County,26117,MI,60662,8706
St. Clair County,26147,MI,157390,19954
Washtenaw County,26161,MI,346834,48500
Cass County,26027,MI,51088,6172
Roscommon County,26143,MI,23462,3924
Branch County,26023,MI,41041,6490
Jackson County,26075,MI,148808,20509
Macomb County,26099,MI,861656,90984
Baraga County,26013,MI,7200,1067
Eaton County,26045,MI,107659,10925
Montgomery County,17135,IL,25837,4284
Whiteside County,17195,IL,54873,5852
Adams County,17001,IL,64506,8031
Clinton County,17027,IL,35488,2733
DeKalb County,17037,IL,99681,16531
Edwards County,17047,IL,6363,649
Jasper County,17079,IL,9408,1288
Jefferson County,17081,IL,35505,6046
Vermilion County,17183,IL,74449,14081
Will County,17197,IL,679212,45834
Williamson County,17199,IL,64671,8964
Clark County,17023,IL,15447,1718
Douglas County,17041,IL,19296,2089
Effingham County,17049,IL,33601,3571
Fulton County,17057,IL,32479,4769
Greene County,17061,IL,12743,1666
Hamilton County,17065,IL,8073,747
Hardin County,17069,IL,3834,501
Henry County,17073,IL,48428,5235
Johnson County,17087,IL,10181,1097
Knox County,17095,IL,46294,8413
Livingston County,17105,IL,33702,5057
Scott County,17171,IL,4933,643
Tazewell County,17179,IL,130038,10744
Warren County,17187,IL,16019,2066
Harrison County,18061,IN,39343,4326
LaPorte County,18091,IN,101967,15490
Wabash County,18169,IN,29385,3387
Jasper County,18073,IN,32404,2648
Martin County,18101,IN,9884,1156
Porter County,18127,IN,164372,16249
Ripley County,18137,IN,27890,3323
Spencer County,18147,IN,20127,1871
Tipton County,18159,IN,14877,1270
Vigo County,18167,IN,98730,18815
Warrick County,18173,IN,61153,4218
DeKalb County,18033,IN,42485,4821
LaGrange County,18087,IN,38825,2489
Rush County,18139,IN,16348,2365
Boone County,18011,IN,64662,3848
Gogebic County,26053,MI,13828,2352
Meeker County,27093,MN,22689,1524
Rice County,27131,MN,57898,5301
Red Lake County,27125,MN,3980,416
Clay County,27027,MN,59791,7329
Fillmore County,27045,MN,20493,2201
Polk County,27119,MN,30434,3579
Sibley County,27143,MN,14742,1170
Watonwan County,27165,MN,10836,1451
Big Stone County,27011,MN,4853,491
Cass County,27021,MN,28833,3909
Hubbard County,27057,MN,20740,2452
Martin County,27091,MN,19550,2685
Nobles County,27105,MN,21315,2889
Sherburne County,27141,MN,92076,5912
Carver County,27019,MN,100951,4126
McLeod County,27085,MN,35455,3018
Ramsey County,27123,MN,530642,74112
Winona County,27169,MN,47085,6074
Dodge County,27039,MN,20505,1053
Crow Wing County,27035,MN,63225,6810
Wright County,27171,MN,132905,6122
Lincoln County,27081,MN,5498,598
Mille Lacs County,27095,MN,25281,3127
Carlton County,27017,MN,34105,3851
Kanabec County,27065,MN,15807,1578
Shelby County,39149,OH,48071,4240
Williams County,39171,OH,35514,3966
Columbiana County,39029,OH,99223,14196
Fulton County,39051,OH,41587,3263
Gallia County,39053,OH,29252,6055
Mahoning County,39099,OH,223309,39109
Scioto County,39145,OH,72411,16330
Morrow County,39117,OH,34664,3363
Preble County,39135,OH,40438,4100
Allen County,39003,OH,99233,13819
Crawford County,39033,OH,40931,6118
Guernsey County,39059,OH,38559,7664
Mercer County,39107,OH,40301,2591
Clark County,39023,OH,131347,19570
Lorain County,39093,OH,298141,40189
Montgomery County,39113,OH,513818,85528
Warren County,39165,OH,221258,10071
Ashtabula County,39007,OH,94629,18825
Sangamon County,17167,IL,192666,27995
Randolph County,17157,IL,28467,3612
Ogle County,17141,IL,50212,4787
Morgan County,17137,IL,30938,4382
White County,17193,IL,13495,1887
Henderson County,17071,IL,6750,527
McLean County,17113,IL,164486,24575
Perry County,17145,IL,18509,2974
Rock Island County,17161,IL,138884,19391
Wabash County,17185,IL,11429,1373
Cumberland County,17035,IL,10685,1483
Jo Daviess County,17085,IL,21380,1824
Lawrence County,17101,IL,13618,2212
Marshall County,17123,IL,11280,1193
Christian County,17021,IL,31171,3831
Jackson County,17077,IL,53972,14307
Peoria County,17143,IL,177693,27783
Piatt County,17147,IL,16328,846
Stark County,17175,IL,5343,826
Bond County,17005,IL,14824,2098
Carroll County,17015,IL,14070,1511
Jersey County,17083,IL,20973,2068
Marion County,19125,IA,31593,2466
Washington County,19183,IA,21709,2140
Wright County,19197,IA,12499,1461
Cass County,19029,IA,12827,1776
Cherokee County,19035,IA,10822,1201
Crawford County,19047,IA,16826,2978
Des Moines County,19057,IA,38562,6214
Fayette County,19065,IA,19132,2173
Harrison County,19085,IA,13795,1351
Kossuth County,19109,IA,14727,1602
Mills County,19129,IA,14815,1234
Monona County,19133,IA,8511,1242
Muscatine County,19139,IA,42090,4054
Osceola County,19143,IA,5946,745
Polk County,19153,IA,471026,48969
Webster County,19187,IA,33714,4629
Story County,19169,IA,86072,18022
Woodbury County,19193,IA,99792,12649
Black Hawk County,19013,IA,127289,20129
Grundy County,19075,IA,12097,677
Jones County,19105,IA,19416,1755
Mitchell County,19131,IA,10354,710
Montgomery County,19137,IA,9850,1180
Sac County,19161,IA,9590,947
Plymouth County,19149,IA,24714,2243
Buchanan County,19019,IA,20845,1812
Clinton County,19045,IA,45776,5988
Decatur County,19053,IA,7224,1331
Jefferson County,19101,IA,17267,2087
Allamakee County,19005,IA,13489,1478
Linn County,19113,IA,218281,22272
Dallas County,19049,IA,86583,4521
O'Brien County,19141,IA,13500,1440
Stanton County,20187,KS,2022,370
Meade County,20119,KS,4053,264
Montgomery County,20125,KS,31583,5911
Pratt County,20151,KS,8980,1047
Rawlins County,20153,KS,2442,268
Anderson County,20003,KS,7670,1151
Ellsworth County,20053,KS,5309,493
Geary County,20061,KS,32911,4292
Ford County,20057,KS,33503,4858
Russell County,20167,KS,6833,761
Marshall County,20117,KS,9550,854
Allen County,20001,KS,12094,2138
Cheyenne County,20023,KS,2616,247
Cowley County,20035,KS,33085,4675
Elk County,20049,KS,2501,449
Franklin County,20059,KS,24809,2441
Hodgeman County,20083,KS,1829,204
Jewell County,20089,KS,2829,501
Rice County,20159,KS,8934,1271
Stafford County,20185,KS,4051,507
Osage County,20139,KS,15596,2226
Coffey County,20031,KS,8132,1008
Crawford County,20037,KS,36940,7513
Greenwood County,20073,KS,5995,799
Chippewa County,26033,MI,34009,6257
Monroe County,26115,MI,148255,16493
Oakland County,26125,MI,1242271,101559
Hillsdale County,26059,MI,44008,7137
Muskegon County,26121,MI,166377,25719
Leelanau County,26089,MI,21437,1310
Lapeer County,26087,MI,86208,8691
Sanilac County,26151,MI,40675,6150
Keweenaw County,26083,MI,2102,223
Ontonagon County,26131,MI,5804,793
Ottawa County,26139,MI,276554,23569
Alcona County,26001,MI,10211,1738
Ionia County,26067,MI,60391,7129
Kalkaska County,26079,MI,17423,2905
Berrien County,26021,MI,150558,24305
Ogemaw County,26129,MI,20419,3491
Wexford County,26165,MI,32852,4665
Crawford County,26039,MI,13622,2218
Dickinson County,26043,MI,24969,2933
Huron County,26063,MI,30894,4030
Ingham County,26065,MI,271705,53303
Mason County,26105,MI,28540,4294
Menominee County,26109,MI,22656,2889
Missaukee County,26113,MI,14837,2111
St. Joseph County,26149,MI,59829,8884
Van Buren County,26159,MI,74460,11060
Arenac County,26011,MI,14864,2547
Barry County,26015,MI,59614,4613
Iron County,26071,MI,10851,1420
Benzie County,26019,MI,17409,1650
Schoolcraft County,26153,MI,7930,1321
Wayne County,26163,MI,1736055,387362
Grand Traverse County,26055,MI,90255,8703
Mackinac County,26097,MI,10659,1744
Genesee County,26049,MI,403003,76326
Labette County,20099,KS,19672,3619
Sedgwick County,20173,KS,506720,69506
Republic County,20157,KS,4538,492
Graham County,20065,KS,2459,242
Douglas County,20045,KS,112036,20169
Sheridan County,20179,KS,2467,130
Gray County,20069,KS,5954,338
Todd County,46121,SD,10070,5584
Oglala Lakota County,46102,SD,14227,6569
Dunn County,55033,WI,41074,4830
Grant County,55043,WI,48031,7278
Sheboygan County,55117,WI,112045,8110
Menominee County,55078,WI,4511,1593
Buffalo County,55011,WI,13026,1230
La Crosse County,55063,WI,112914,14559
Marathon County,55073,WI,133602,12246
Trempealeau County,55121,WI,28971,2271
Dodge County,55027,WI,83476,6903
Vilas County,55125,WI,21477,2729
Manitowoc County,55071,WI,78223,7799
Burnett County,55013,WI,15100,1877
Door County,55029,WI,27128,2059
Fond du Lac County,55039,WI,99325,8341
Pepin County,55091,WI,7166,750
Richland County,55103,WI,17100,2410
Waushara County,55137,WI,22845,2551
Lafayette County,55065,WI,16542,1860
Pierce County,55093,WI,39222,3635
Calumet County,55015,WI,49666,2871
Kenosha County,55059,WI,164150,20205
Wallace County,20199,KS,1549,146
Chase County,20017,KS,2548,300
Stevens County,20189,KS,5491,1099
Smith County,20183,KS,3553,400
Grant County,20067,KS,7384,848
Antrim County,26009,MI,22935,2527
Houghton County,26061,MI,33452,6742
Livingston County,26093,MI,188288,9808
Iosco County,26069,MI,24813,3774
Lake County,26085,MI,11508,2416
Manistee County,26101,MI,23122,2652
Jackson County,20085,KS,13073,1525
Kingman County,20095,KS,7217,549
Logan County,20109,KS,2770,224
Nemaha County,20131,KS,9796,859
Pottawatomie County,20149,KS,23487,1900
Wyandotte County,20209,KS,163000,31261
Cherokee County,20021,KS,19882,2604
Butler County,20015,KS,63505,6025
Clay County,20027,KS,7936,642
Lincoln County,20105,KS,2939,271
Saline County,20169,KS,53215,6132
Sumner County,20191,KS,22532,2667
Trego County,20195,KS,2756,191
Wabaunsee County,20197,KS,6765,330
Wilson County,20205,KS,8464,1196
Mitchell County,20123,KS,5912,874
Osborne County,20141,KS,3415,506
Atchison County,20005,KS,14910,2269
Finney County,20055,KS,36114,4459
Hamilton County,20075,KS,2591,272
Leavenworth County,20103,KS,74940,6379
Washington County,20201,KS,5348,581
Wichita County,20203,KS,2100,69
Morton County,20129,KS,2675,273
Norton County,20137,KS,4562,564
Barton County,20009,KS,25853,3978
Cloud County,20029,KS,8501,965
Edwards County,20047,KS,2780,277
Lane County,20101,KS,1559,187
Rush County,20165,KS,2945,304
Marion County,20115,KS,11178,971
Neosho County,20133,KS,15575,2926
Ottawa County,20143,KS,5732,567
Riley County,20161,KS,65183,14591
Barber County,20007,KS,4551,746
Dickinson County,20041,KS,18398,2184
Jefferson County,20087,KS,18633,1398
Montmorency County,26119,MI,9105,1507
Presque Isle County,26141,MI,12544,1642
Gladwin County,26051,MI,24944,4215
Kalamazoo County,26077,MI,254596,38054
Mecosta County,26107,MI,40240,8541
Marquette County,26103,MI,62841,9833
Newaygo County,26123,MI,47699,7928
Osceola County,26133,MI,22879,4102
Otsego County,26137,MI,24056,3302
Calhoun County,26025,MI,130391,21423
Cheboygan County,26031,MI,25080,3732
Luce County,26095,MI,5273,896
Kent County,26081,MI,637355,74720
Saginaw County,26145,MI,185415,33351
Shiawassee County,26155,MI,67327,6906
Bay County,26017,MI,102883,16266
Charlevoix County,26029,MI,25782,2607
Delta County,26041,MI,35485,4588
Emmet County,26047,MI,32646,2984
Koochiching County,27071,MN,12237,1665
Morrison County,27097,MN,32589,3317
Pennington County,27113,MN,13961,1535
Steele County,27147,MN,36180,3236
Wilkin County,27167,MN,6147,564
Aitkin County,27001,MN,15592,1896
Faribault County,27043,MN,13425,1543
Murray County,27101,MN,8140,580
Kandiyohi County,27067,MN,41941,4409
Lake County,27075,MN,10356,902
Rock County,27133,MN,9144,824
Roseau County,27135,MN,15060,1219
Traverse County,27155,MN,3225,319
Becker County,27005,MN,33430,3678
Hennepin County,27053,MN,1223987,127872
Brown County,27015,MN,24075,1670
Chippewa County,27023,MN,11724,1095
Clearwater County,27029,MN,8619,1260
Goodhue County,27049,MN,45342,4230
Isanti County,27059,MN,38942,2850
Jackson County,27063,MN,9766,768
Mower County,27099,MN,39053,5277
Pine County,27115,MN,27418,3027
Olmsted County,27109,MN,152624,12864
Wadena County,27159,MN,13304,1907
Benton County,27009,MN,39449,4071
Freeborn County,27047,MN,29923,3295
Itasca County,27061,MN,44098,5376
Pope County,27121,MN,10854,779
Stevens County,27149,MN,9491,1178
Swift County,27151,MN,9228,1155
Cottonwood County,27033,MN,11065,1214
Scott County,27139,MN,143352,7896
Wabasha County,27157,MN,21322,1651
Pipestone County,27117,MN,9034,1056
Norman County,27107,MN,6351,562
Nicollet County,27103,MN,31585,3117
Douglas County,27041,MN,37037,2814
Grant County,27051,MN,5868,566
Kittson County,27069,MN,4151,466
Le Sueur County,27079,MN,27986,2389
Mahnomen County,27087,MN,5391,1254
Chisago County,27025,MN,53761,3210
Redwood County,27127,MN,14900,1508
Yellow Medicine County,27173,MN,9592,1130
Todd County,27153,MN,24186,2871
Beltrami County,27007,MN,43962,8306
Blue Earth County,27013,MN,63316,11148
Houston County,27055,MN,18378,1451
Lac qui Parle County,27073,MN,6576,547
Lake of the Woods County,27077,MN,3713,399
Otter Tail County,27111,MN,57190,5328
Waseca County,27161,MN,17693,1718
St. Louis County,27137,MN,191809,26991
Anoka County,27003,MN,346853,20427
Stearns County,27145,MN,151561,19552
Dakota County,27037,MN,418832,25333
Lyon County,27083,MN,24560,3473
Marshall County,27089,MN,9265,637
Renville County,27129,MN,14231,1420
Washington County,27163,MN,252232,10822
Cook County,27031,MN,5322,670
Knox County,29103,MO,3874,728
Montgomery County,29139,MO,11086,1804
Stoddard County,29207,MO,28854,5264
Audrain County,29007,MO,23501,3540
Greene County,29077,MO,277987,45603
St. Clair County,29185,MO,9021,1544
Schuyler County,29197,MO,4493,799
Camden County,29029,MO,44711,6599
Jefferson County,29099,MO,221148,21195
New Madrid County,29143,MO,17160,3809
Ralls County,29173,MO,10095,1381
Blaine County,31009,NE,477,62
Deuel County,31049,NE,1812,159
Logan County,31113,NE,918,104
Thayer County,31169,NE,4880,474
Adams County,31001,NE,29968,3750
Boone County,31011,NE,5171,302
Rock County,31149,NE,1338,71
Sherman County,31163,NE,2965,368
Howard County,31093,NE,6388,505
Gosper County,31073,NE,1968,107
Sarpy County,31153,NE,179078,10654
Boyd County,31015,NE,1898,172
Fillmore County,31059,NE,5318,469
Hooker County,31091,NE,659,101
Seward County,31159,NE,15704,1019
Webster County,31181,NE,3438,371
Butler County,31023,NE,7824,563
Arthur County,31005,NE,427,57
Gage County,31067,NE,21117,2251
Kearney County,31099,NE,6442,637
Madison County,31119,NE,34009,5069
Phelps County,31137,NE,8798,841
Wayne County,31179,NE,8036,983
Knox County,31107,NE,8217,763
Merrick County,31121,NE,7625,915
Pawnee County,31133,NE,2610,492
Wheeler County,31183,NE,783,103
Winnebago County,19189,IA,9860,884
Shelby County,19165,IA,11379,908
Appanoose County,19007,IA,12294,2170
Iowa County,19095,IA,15876,1388
Page County,19145,IA,14141,1619
Winneshiek County,19191,IA,18014,1480
Pottawattamie County,19155,IA,91022,9765
Marshall County,19127,IA,38675,4651
Boone County,19015,IA,25917,1973
Buena Vista County,19021,IA,19037,2462
Howard County,19089,IA,8994,810
Guthrie County,19077,IA,10532,914
Humboldt County,19091,IA,9419,1225
Madison County,19121,IA,15791,795
Stark County,38089,ND,30359,2660
Wells County,38103,ND,3902,336
Burke County,38013,ND,2169,127
Mountrail County,38061,ND,10264,1072
Williams County,38105,ND,34454,2108
Billings County,38007,ND,922,86
Kidder County,38043,ND,2434,262
Cavalier County,38019,ND,3696,406
Grant County,38037,ND,2295,297
McHenry County,38049,ND,5802,483
Steele County,38091,ND,1739,100
Benson County,38005,ND,6813,2174
LaMoure County,38045,ND,4032,592
Morton County,38059,ND,30221,2240
Dunn County,38025,ND,4306,347
McIntosh County,38051,ND,2480,245
Nelson County,38063,ND,2822,325
Rolette County,38079,ND,14245,3863
Walsh County,38099,ND,10552,958
Bottineau County,38009,ND,6165,591
Barnes County,38003,ND,10183,1155
Grand Forks County,38035,ND,65893,10662
McKenzie County,38053,ND,13157,1490
McLean County,38055,ND,9432,751
Pierce County,38069,ND,3964,663
Renville County,38075,ND,2376,87
Bowman County,38011,ND,3069,238
Burleigh County,38015,ND,91638,7392
Logan County,38047,ND,1796,130
Oliver County,38065,ND,1842,147
Stutsman County,38093,ND,19410,2352
Ramsey County,38071,ND,11124,1389
Foster County,38031,ND,3171,229
Griggs County,38039,ND,2312,182
Sheridan County,38083,ND,1391,172
Slope County,38087,ND,742,56
Union County,39159,OH,53341,3143
Pike County,39131,OH,27625,5161
Paulding County,39125,OH,18656,1843
Hamilton County,39061,OH,795895,125456
Franklin County,39049,OH,1260187,197950
Marion County,39101,OH,59343,8790
Tuscarawas County,39157,OH,90912,11645
Wayne County,39169,OH,111821,12618
Brown County,39015,OH,42846,6557
Butler County,39017,OH,367360,46018
Harrison County,39067,OH,14876,2380
Knox County,39083,OH,57946,7593
Licking County,39089,OH,169176,17750
Richland County,39139,OH,113445,15321
Vinton County,39163,OH,12901,2447
Carroll County,39019,OH,26930,3306
Hancock County,39063,OH,73597,7937
Clermont County,39025,OH,202428,18162
Fairfield County,39045,OH,151338,13930
Defiance County,39039,OH,37420,3809
Highland County,39071,OH,42353,8213
Henry County,39069,OH,26707,2246
Jefferson County,39081,OH,64077,11207
Portage County,39133,OH,154901,19808
Putnam County,39137,OH,33499,2557
Belmont County,39013,OH,64062,7900
Clinton County,39027,OH,40554,6002
Fayette County,39047,OH,28101,4551
Perry County,39127,OH,35444,6783
Pickaway County,39129,OH,53003,6431
Madison County,39097,OH,38609,3518
Muskingum County,39119,OH,83515,13396
Sandusky County,39143,OH,57698,6706
Van Wert County,39161,OH,27821,3090
Washington County,39167,OH,58671,8337
Auglaize County,39011,OH,45036,3773
Darke County,39037,OH,50719,5331
Ottawa County,39123,OH,40036,4044
Hardin County,39065,OH,29003,4029
Jackson County,39079,OH,31882,5983
Huron County,39077,OH,57565,7580
Athens County,39009,OH,56177,16942
Adams County,39001,OH,27431,5666
Medina County,39103,OH,176302,10627
Lucas County,39095,OH,421225,78848
Noble County,39121,OH,12026,1874
Seneca County,39147,OH,52012,6663
Stark County,39151,OH,362630,49165
Coshocton County,39031,OH,36053,5181
Delaware County,39041,OH,198250,9530
Geauga County,39055,OH,92860,5344
Hocking County,39073,OH,27751,3681
Lake County,39085,OH,226687,18325
Ross County,39141,OH,71005,12307
Cuyahoga County,39035,OH,1221310,213209
Holmes County,39075,OH,43027,4283
Miami County,39109,OH,104041,9521
Monroe County,39111,OH,13777,2356
Trumbull County,39155,OH,196590,33883
Wood County,39173,OH,123329,15936
Ashland County,39005,OH,51060,7048
Aurora County,46003,SD,2616,140
Grant County,46051,SD,7054,643
Tripp County,46123,SD,5319,1037
Ziebach County,46137,SD,2778,1181
Spink County,46115,SD,6337,627
Bon Homme County,46009,SD,5412,578
Brookings County,46011,SD,31112,4564
Fall River County,46047,SD,6538,913
Hamlin County,46057,SD,5847,332
Jackson County,46071,SD,3190,1448
Custer County,46033,SD,8436,1164
Hyde County,46069,SD,1280,135
Faulk County,46049,SD,2251,332
Hutchinson County,46067,SD,7052,675
Walworth County,46129,SD,5340,519
Buffalo County,46017,SD,2002,794
Day County,46037,SD,5337,893
Douglas County,46043,SD,2820,178
Harding County,46063,SD,1292,92
McPherson County,46089,SD,2196,304
Roberts County,46109,SD,10078,2027
Sully County,46119,SD,1296,103
Lincoln County,46083,SD,56207,2303
Lake County,46079,SD,11980,1526
Lawrence County,46081,SD,24406,3096
Codington County,46029,SD,27589,3551
Butte County,46019,SD,9840,1125
Corson County,46031,SD,4119,1844
Edmunds County,46045,SD,3779,177
Campbell County,46021,SD,1474,59
Bennett County,46007,SD,3320,1193
Haakon County,46055,SD,1979,241
Jones County,46075,SD,793,98
Meade County,46093,SD,26898,1847
Turner County,46125,SD,8123,886
Brown County,46013,SD,37790,3950
Hanson County,46061,SD,3395,260
McCook County,46087,SD,5386,521
Mellette County,46095,SD,1973,1042
Moody County,46101,SD,6356,726
Pennington County,46103,SD,107842,14833
Union County,46127,SD,15238,1305
Miner County,46097,SD,2169,148
Iron County,55051,WI,5558,809
Clark County,55019,WI,33916,4096
St. Croix County,55109,WI,87846,4601
Oconto County,55083,WI,37196,3396
Lincoln County,55069,WI,27018,2441
Waupaca County,55135,WI,49607,5156
Barron County,55005,WI,44339,4750
Sawyer County,55113,WI,16047,2601
Green Lake County,55047,WI,18469,2157
Price County,55099,WI,13181,1731
Marquette County,55077,WI,15046,1603
Marinette County,55075,WI,39450,5198
Milwaukee County,55079,WI,929362,176286
Shelby County,29205,MO,5727,927
Webster County,29225,MO,37392,6674
Atchison County,29005,MO,5136,620
Bates County,29013,MO,15924,1908
Benton County,29015,MO,18856,3346
Carter County,29035,MO,6000,801
Dade County,29057,MO,7372,1586
Racine County,55101,WI,190270,23643
Winnebago County,55139,WI,162424,18396
Forest County,55041,WI,8748,1515
Green County,55045,WI,36384,2568
Rusk County,55107,WI,13836,1677
Shawano County,55115,WI,40118,4202
Langlade County,55067,WI,18875,2498
Outagamie County,55087,WI,182206,14198
Vernon County,55123,WI,30243,4860
Columbia County,55021,WI,55513,3959
Kewaunee County,55061,WI,20166,1567
Brown County,55009,WI,254072,24825
Eau Claire County,55035,WI,99354,13728
Oneida County,55085,WI,34673,2725
Polk County,55095,WI,42843,3922
Washburn County,55129,WI,15461,2087
Waukesha County,55133,WI,395121,19083
Walworth County,55127,WI,100240,10666
Crawford County,55023,WI,15434,1912
Juneau County,55057,WI,24897,3748
Sauk County,55111,WI,62901,6228
Washington County,55131,WI,133873,6175
Chippewa County,55017,WI,61080,6278
Dane County,55025,WI,522163,56956
Douglas County,55031,WI,42121,5047
Jackson County,55053,WI,19195,2229
Iowa County,55049,WI,23358,2061
Ozaukee County,55089,WI,86789,4631
Portage County,55097,WI,67209,8099
Rock County,55105,WI,158476,20359
Taylor County,55119,WI,20002,1983
Adams County,55001,WI,18922,2437
Bayfield County,55007,WI,14830,1632
Monroe County,55081,WI,44898,5074
Wood County,55141,WI,72250,7418
Ashland County,55003,WI,15007,2604
Florence County,55037,WI,4254,438
Jefferson County,55055,WI,81518,6800
Linn County,29115,MO,11974,1843
Howell County,29091,MO,39430,8782
Johnson County,29101,MO,49035,7098
Laclede County,29105,MO,35077,5265
Maries County,29125,MO,8724,1482
Phelps County,29161,MO,41549,8569
Platte County,29165,MO,99505,6191
St. Francois County,29187,MO,59587,9249
St. Louis city,29510,MO,299689,65412
Andrew County,29003,MO,17256,1362
Butler County,29023,MO,41695,9893
Carroll County,29033,MO,8653,1255
Daviess County,29061,MO,8083,1176
Holt County,29087,MO,4310,434
Marion County,29127,MO,27143,4685
Osage County,29151,MO,13295,983
Ripley County,29181,MO,13416,3406
Warren County,29219,MO,34150,4581
Washington County,29221,MO,23594,4749
Christian County,29043,MO,84672,8433
DeKalb County,29063,MO,9186,1120
Harrison County,29081,MO,8297,1373
Lafayette County,29107,MO,31979,4017
Adair County,29001,MO,22758,5421
Scotland County,29199,MO,4801,639
Sullivan County,29211,MO,6048,1024
Clark County,29045,MO,6622,990
Jasper County,29097,MO,117475,20089
Lewis County,29111,MO,9181,1709
McDonald County,29119,MO,22478,4177
Perry County,29157,MO,18833,1392
Polk County,29167,MO,30160,4964
Ray County,29177,MO,22569,2677
Harlan County,31083,NE,3366,354
York County,31185,NE,12729,1243
Buffalo County,31019,NE,46809,6318
Colfax County,31037,NE,10169,1291
Hitchcock County,31087,NE,2759,311
Platte County,31141,NE,32725,2836
Polk County,31143,NE,5133,393
Box Butte County,31013,NE,10756,1514
Brown County,31017,NE,2963,385
Sheridan County,31161,NE,5170,886
Lancaster County,31109,NE,299690,37502
Nuckolls County,31129,NE,4157,467
Banner County,31007,NE,719,42
Frontier County,31063,NE,2525,226
Douglas County,31055,NE,547883,65887
Richardson County,31147,NE,7796,954
Holt County,31089,NE,10002,783
Furnas County,31065,NE,4636,512
Saline County,31151,NE,13292,2030
Thurston County,31173,NE,7103,1813
Washington County,31177,NE,20026,1587
Cherry County,31031,NE,5693,446
Dodge County,31053,NE,35542,4452
Garden County,31069,NE,1827,141
Morrill County,31123,NE,4620,404
Nemaha County,31127,NE,6446,746
Thomas County,31171,NE,645,54
Dakota County,31043,NE,19882,3227
Antelope County,31003,NE,6261,694
Chase County,31029,NE,3712,359
Clay County,31035,NE,6090,641
Custer County,31041,NE,10623,1222
Franklin County,31061,NE,2911,424
Hamilton County,31081,NE,9049,468
Jefferson County,31095,NE,7026,790
Keith County,31101,NE,7978,993
Loup County,31115,NE,605,52
Perkins County,31135,NE,2861,144
Saunders County,31155,NE,20883,1700
Scotts Bluff County,31157,NE,35164,4769
Keya Paha County,31103,NE,760,57
Kimball County,31105,NE,3579,388
Lincoln County,31111,NE,34310,3397
Pierce County,31139,NE,6961,555
Sioux County,31165,NE,1219,104
Burt County,31021,NE,6409,788
Cass County,31025,NE,25271,1723
Cuming County,31039,NE,8777,606
Dixon County,31051,NE,5632,533
Dundy County,31057,NE,1872,198
Grant County,31075,NE,686,109
Greeley County,31077,NE,2348,239
Hall County,31079,NE,60052,7078
Hayes County,31085,NE,893,99
Otoe County,31131,NE,15640,1720
Red Willow County,31145,NE,10344,1215
Cedar County,31027,NE,8310,595
Dawes County,31045,NE,7781,1144
Johnson County,31097,NE,4111,351
Cheyenne County,31033,NE,9471,906
Dawson County,31047,NE,23387,2960
Garfield County,31071,NE,1935,178
McPherson County,31117,NE,395,68
Nance County,31125,NE,3439,392
Stanton County,31167,NE,5892,366
Valley County,31175,NE,4123,388
Mercer County,29129,MO,3586,362
Wright County,29229,MO,17899,4339
Clay County,29047,MO,239395,19551
Dent County,29065,MO,15300,3428
Saline County,29195,MO,21653,3517
Worth County,29227,MO,1973,271
Grundy County,29079,MO,9692,1677
Morgan County,29141,MO,19856,4630
Reynolds County,29179,MO,6115,1189
St. Louis County,29189,MO,976200,95123
Stone County,29209,MO,31158,4025
Barry County,29009,MO,34990,7370
Boone County,29019,MO,168542,30183
Cole County,29051,MO,71670,7416
Crawford County,29055,MO,23718,4384
Iron County,29093,MO,9807,2187
Livingston County,29117,MO,13842,2247
Moniteau County,29135,MO,14653,1760
Pemiscot County,29155,MO,16358,4480
Pettis County,29159,MO,41503,6794
Shannon County,29203,MO,8076,2217
Randolph County,29175,MO,22672,3712
Dunklin County,29069,MO,29205,7505
Franklin County,29071,MO,101687,10638
Howard County,29089,MO,9372,1326
Jackson County,29095,MO,684855,100359
Miller County,29131,MO,24741,4173
Putnam County,29171,MO,4682,794
Taney County,29213,MO,53350,7839
Buchanan County,29021,MO,84297,14519
Caldwell County,29025,MO,8708,1381
Cass County,29037,MO,102209,9173
Clinton County,29049,MO,19861,1761
Dallas County,29059,MO,16374,2186
Hickory County,29085,MO,9310,1607
Lincoln County,29113,MO,55596,6128
Monroe County,29137,MO,8498,1143
Newton County,29145,MO,57135,7714
Pike County,29163,MO,16099,2438
St. Charles County,29183,MO,385879,19984
Cape Girardeau County,29031,MO,75282,12328
